Login email;Identifier;First name;Last name
laura@example.com;2070;Laura;Grey
craig@example.com;4081;Craig;Johnson
mary@example.com;9346;Mary;Jenkins
jamie@example.com;5079;Jamie;Smith
laura@example.com;2070;Laura;Grey
craig@example.com;4081;Craig;Johnson
mary@example.com;9346;Mary;Jenkins
jamie@example.com;5079;Jamie;Smith
laura@example.com;2070;Laura;Grey
craig@example.com;4081;Craig;Johnson
mary@example.com;9346;Mary;Jenkins
jamie@example.com;5079;Jamie;Smith
laura@example.com;2070;Laura;Grey
craig@example.com;4081;Craig;Johnson
mary@example.com;9346;Mary;Jenkins
jamie@example.com;5079;Jamie;Smith
laura@example.com;2070;Laura;Grey
craig@example.com;4081;Craig;Johnson
mary@example.com;9346;Mary;Jenkins
jamie@example.com;5079;Jamie;Smith
laura@example.com;2070;Laura;Grey
craig@example.com;4081;Craig;Johnson
mary@example.com;9346;Mary;Jenkins
jamie@example.com;5079;Jamie;Smith
laura@example.com;2070;Laura;Grey
mary@example.com;9346;Mary;Jenkins
jamie@example.com;5079;Jamie;Smith
laura@example.com;2070;Laura;Grey
craig@example.com;4081;Craig;Johnson
mary@example.com;9346;Mary;Jenkins
jamie@example.com;5079;Jamie;Smith
laura@example.com;2070;Laura;Grey
craig@example.com;4081;Craig;Johnson
mary@example.com;9346;Mary;Jenkins
jamie@example.com;5079;Jamie;Smith
laura@example.com;2070;Laura;Grey
craig@example.com;4081;Craig;Johnson
mary@example.com;9346;Mary;Jenkins
jamie@example.com;5079;Jamie;Smith
laura@example.com;2070;Laura;Grey
craig@example.com;4081;Craig;Johnson
mary@example.com;9346;Mary;Jenkins
jamie@example.com;5079;Jamie;Smith
laura@example.com;2070;Laura;Grey
craig@example.com;4081;Craig;Johnson
mary@example.com;9346;Mary;Jenkins
jamie@example.com;5079;Jamie;Smith
laura@example.com;2070;Laura;Grey
craig@example.com;4081;Craig;Johnson
mary@example.com;9346;Mary;Jenkins
jamie@example.com;5079;Jamie;Smith
laura@example.com;2070;Laura;Grey
craig@example.com;4081;Craig;Johnson
mary@example.com;9346;Mary;Jenkins
jamie@example.com;5079;Jamie;Smith
laura@example.com;2070;Laura;Grey
craig@example.com;4081;Craig;Johnson
mary@example.com;9346;Mary;Jenkins
jamie@example.com;5079;Jamie;Smith
laura@example.com;2070;Laura;Grey
craig@example.com;4081;Craig;Johnson
mary@example.com;9346;Mary;Jenkins
jamie@example.com;5079;Jamie;Smith
laura@example.com;2070;Laura;Grey
craig@example.com;4081;Craig;Johnson
mary@example.com;9346;Mary;Jenkins
jamie@example.com;5079;Jamie;Smith
laura@example.com;2070;Laura;Grey
craig@example.com;4081;Craig;Johnson
mary@example.com;9346;Mary;Jenkins
jamie@example.com;5079;Jamie;Smith
laura@example.com;2070;Laura;Grey
craig@example.com;4081;Craig;Johnson
mary@example.com;9346;Mary;Jenkins
jamie@example.com;5079;Jamie;Smith
laura@example.com;2070;Laura;Grey
craig@example.com;4081;Craig;Johnson
mary@example.com;9346;Mary;Jenkins
jamie@example.com;5079;Jamie;Smith
laura@example.com;2070;Laura;Grey
craig@example.com;4081;Craig;Johnson
mary@example.com;9346;Mary;Jenkins
jamie@example.com;5079;Jamie;Smith
laura@example.com;2070;Laura;Grey
craig@example.com;4081;Craig;Johnson
mary@example.com;9346;Mary;Jenkins
jamie@example.com;5079;Jamie;Smith
laura@example.com;2070;Laura;Grey
craig@example.com;4081;Craig;Johnson
mary@example.com;9346;Mary;Jenkins
jamie@example.com;5079;Jamie;Smith
laura@example.com;2070;Laura;Grey
craig@example.com;4081;Craig;Johnson
mary@example.com;9346;Mary;Jenkins
jamie@example.com;5079;Jamie;Smith
laura@example.com;2070;Laura;Grey
craig@example.com;4081;Craig;Johnson
mary@example.com;9346;Mary;Jenkins
jamie@example.com;5079;Jamie;Smith
laura@example.com;2070;Laura;Grey
craig@example.com;4081;Craig;Johnson
mary@example.com;9346;Mary;Jenkins
jamie@example.com;5079;Jamie;Smith
laura@example.com;2070;Laura;Grey
craig@example.com;4081;Craig;Johnson
mary@example.com;9346;Mary;Jenkins
jamie@example.com;5079;Jamie;Smith
laura@example.com;2070;Laura;Grey
craig@example.com;4081;Craig;Johnson
mary@example.com;9346;Mary;Jenkins
jamie@example.com;5079;Jamie;Smith
laura@example.com;2070;Laura;Grey
craig@example.com;4081;Craig;Johnson
mary@example.com;9346;Mary;Jenkins
jamie@example.com;5079;Jamie;Smith
laura@example.com;2070;Laura;Grey
craig@example.com;4081;Craig;Johnson
mary@example.com;9346;Mary;Jenkins
jamie@example.com;5079;Jamie;Smith
laura@example.com;2070;Laura;Grey
craig@example.com;4081;Craig;Johnson
mary@example.com;9346;Mary;Jenkins
jamie@example.com;5079;Jamie;Smith
laura@example.com;2070;Laura;Grey
craig@example.com;4081;Craig;Johnson
mary@example.com;9346;Mary;Jenkins
jamie@example.com;5079;Jamie;Smith
laura@example.com;2070;Laura;Grey
craig@example.com;4081;Craig;Johnson
mary@example.com;9346;Mary;Jenkins
jamie@example.com;5079;Jamie;Smith
laura@example.com;2070;Laura;Grey
craig@example.com;4081;Craig;Johnson
mary@example.com;9346;Mary;Jenkins
jamie@example.com;5079;Jamie;Smith
laura@example.com;2070;Laura;Grey
craig@example.com;4081;Craig;Johnson
mary@example.com;9346;Mary;Jenkins
jamie@example.com;5079;Jamie;Smith
laura@example.com;2070;Laura;Grey
craig@example.com;4081;Craig;Johnson
mary@example.com;9346;Mary;Jenkins
jamie@example.com;5079;Jamie;Smith
laura@example.com;2070;Laura;Grey
craig@example.com;4081;Craig;Johnson
mary@example.com;9346;Mary;Jenkins
jamie@example.com;5079;Jamie;Smith
laura@example.com;2070;Laura;Grey
craig@example.com;4081;Craig;Johnson
mary@example.com;9346;Mary;Jenkins
jamie@example.com;5079;Jamie;Smith
laura@example.com;2070;Laura;Grey
craig@example.com;4081;Craig;Johnson
mary@example.com;9346;Mary;Jenkins
jamie@example.com;5079;Jamie;Smith
laura@example.com;2070;Laura;Grey
craig@example.com;4081;Craig;Johnson
mary@example.com;9346;Mary;Jenkins
jamie@example.com;5079;Jamie;Smith
laura@example.com;2070;Laura;Grey
craig@example.com;4081;Craig;Johnson
mary@example.com;9346;Mary;Jenkins
jamie@example.com;5079;Jamie;Smith
laura@example.com;2070;Laura;Grey
craig@example.com;4081;Craig;Johnson
mary@example.com;9346;Mary;Jenkins
jamie@example.com;5079;Jamie;Smith
craig@example.com;4081;Craig;Johnson
mary@example.com;9346;Mary;Jenkins
jamie@example.com;5079;Jamie;Smith
laura@example.com;2070;Laura;Grey
craig@example.com;4081;Craig;Johnson
mary@example.com;9346;Mary;Jenkins
jamie@example.com;5079;Jamie;Smith
laura@example.com;2070;Laura;Grey
craig@example.com;4081;Craig;Johnson
mary@example.com;9346;Mary;Jenkins
jamie@example.com;5079;Jamie;Smith
laura@example.com;2070;Laura;Grey
craig@example.com;4081;Craig;Johnson
mary@example.com;9346;Mary;Jenkins
jamie@example.com;5079;Jamie;Smith
laura@example.com;2070;Laura;Grey
craig@example.com;4081;Craig;Johnson
mary@example.com;9346;Mary;Jenkins
jamie@example.com;5079;Jamie;Smith
laura@example.com;2070;Laura;Grey
craig@example.com;4081;Craig;Johnson
mary@example.com;9346;Mary;Jenkins
jamie@example.com;5079;Jamie;Smith
laura@example.com;2070;Laura;Grey
craig@example.com;4081;Craig;Johnson
mary@example.com;9346;Mary;Jenkins
jamie@example.com;5079;Jamie;Smith
laura@example.com;2070;Laura;Grey
craig@example.com;4081;Craig;Johnson
mary@example.com;9346;Mary;Jenkins
jamie@example.com;5079;Jamie;Smith
laura@example.com;2070;Laura;Grey
craig@example.com;4081;Craig;Johnson
mary@example.com;9346;Mary;Jenkins
jamie@example.com;5079;Jamie;Smith
laura@example.com;2070;Laura;Grey
craig@example.com;4081;Craig;Johnson
mary@example.com;9346;Mary;Jenkins
jamie@example.com;5079;Jamie;Smith
laura@example.com;2070;Laura;Grey
craig@example.com;4081;Craig;Johnson
mary@example.com;9346;Mary;Jenkins
jamie@example.com;5079;Jamie;Smith
laura@example.com;2070;Laura;Grey
craig@example.com;4081;Craig;Johnson
mary@example.com;9346;Mary;Jenkins
jamie@example.com;5079;Jamie;Smith
laura@example.com;2070;Laura;Grey
craig@example.com;4081;Craig;Johnson
mary@example.com;9346;Mary;Jenkins
jamie@example.com;5079;Jamie;Smith
laura@example.com;2070;Laura;Grey
craig@example.com;4081;Craig;Johnson
mary@example.com;9346;Mary;Jenkins
jamie@example.com;5079;Jamie;Smith
laura@example.com;2070;Laura;Grey
craig@example.com;4081;Craig;Johnson
mary@example.com;9346;Mary;Jenkins
jamie@example.com;5079;Jamie;Smith
laura@example.com;2070;Laura;Grey
craig@example.com;4081;Craig;Johnson
mary@example.com;9346;Mary;Jenkins
jamie@example.com;5079;Jamie;Smith
laura@example.com;2070;Laura;Grey
craig@example.com;4081;Craig;Johnson
mary@example.com;9346;Mary;Jenkins
jamie@example.com;5079;Jamie;Smith
laura@example.com;2070;Laura;Grey
craig@example.com;4081;Craig;Johnson
mary@example.com;9346;Mary;Jenkins
jamie@example.com;5079;Jamie;Smith
laura@example.com;2070;Laura;Grey
craig@example.com;4081;Craig;Johnson
mary@example.com;9346;Mary;Jenkins
jamie@example.com;5079;Jamie;Smith
laura@example.com;2070;Laura;Grey;ytuuytutyoutututoyt
craig@example.com;4081;Craig;Johnson
mary@example.com;9346;Mary;Jenkins
jamie@example.com;5079;Jamie;Smith
laura@example.com;2070;Laura;Grey
craig@example.com;4081;Craig;Johnson
mary@example.com;9346;Mary;Jenkins
jamie@example.com;5079;Jamie;Smith
laura@example.com;2070;Laura;Grey
craig@example.com;4081;Craig;Johnson
mary@example.com;9346;Mary;Jenkins
jamie@example.com;5079;Jamie;Smith
laura@example.com;2070;Laura;Grey
craig@example.com;4081;Craig;Johnson
mary@example.com;9346;Mary;Jenkins
jamie@example.com;5079;Jamie;Smith
laura@example.com;2070;Laura;Grey
craig@example.com;4081;Craig;Johnson
mary@example.com;9346;Mary;Jenkins
jamie@example.com;5079;Jamie;Smith
laura@example.com;2070;Laura;Grey
craig@example.com;4081;Craig;Johnson
mary@example.com;9346;Mary;Jenkins
jamie@example.com;5079;Jamie;Smith
laura@example.com;2070;Laura;Grey
craig@example.com;4081;Craig;Johnson
mary@example.com;9346;Mary;Jenkins
jamie@example.com;5079;Jamie;Smith
laura@example.com;2070;Laura;Grey
craig@example.com;4081;Craig;Johnson
mary@example.com;9346;Mary;Jenkins
jamie@example.com;5079;Jamie;Smith
laura@example.com;2070;Laura;Grey
craig@example.com;4081;Craig;Johnson
mary@example.com;9346;Mary;Jenkins
jamie@example.com;5079;Jamie;Smith
laura@example.com;2070;Laura;Grey
craig@example.com;4081;Craig;Johnson
mary@example.com;9346;Mary;Jenkins
jamie@example.com;5079;Jamie;Smith
laura@example.com;2070;Laura;Grey
craig@example.com;4081;Craig;Johnson
mary@example.com;9346;Mary;Jenkins
jamie@example.com;5079;Jamie;Smith
laura@example.com;2070;Laura;Grey
craig@example.com;4081;Craig;Johnson
mary@example.com;9346;Mary;Jenkins
jamie@example.com;5079;Jamie;Smith
laura@example.com;2070;Laura;Grey
craig@example.com;4081;Craig;Johnson
mary@example.com;9346;Mary;Jenkins
jamie@example.com;5079;Jamie;Smith
laura@example.com;2070;Laura;Grey
craig@example.com;4081;Craig;Johnson
mary@example.com;9346;Mary;Jenkins
laura@example.com;2070;Laura;Grey
mary@example.com;9346;Mary;Jenkins
laura@example.com;2070;Laura;Grey